{
  "id": "2571005",
  "name": "test",
  "font_family": "iconfont",
  "css_prefix_text": "icon-",
  "description": "",
  "glyphs": [
    {
      "icon_id": "1242376",
      "name": "找服务",
      "font_class": "zhaofuwu",
      "unicode": "e659",
      "unicode_decimal": 58969
    },
    {
      "icon_id": "10533302",
      "name": "帮 助",
      "font_class": "bangzhu",
      "unicode": "e637",
      "unicode_decimal": 58935
    },
    {
      "icon_id": "15455790",
      "name": "领劵中心",
      "font_class": "lingjuanzhongxin",
      "unicode": "e600",
      "unicode_decimal": 58880
    },
    {
      "icon_id": "21460320",
      "name": "会 员 ",
      "font_class": "huiyuan_",
      "unicode": "e601",
      "unicode_decimal": 58881
    },
    {
      "icon_id": "4438686",
      "name": "充流量",
      "font_class": "chongliuliangicon",
      "unicode": "e604",
      "unicode_decimal": 58884
    },
    {
      "icon_id": "3168017",
      "name": "充话费",
      "font_class": "chonghuafei",
      "unicode": "e66a",
      "unicode_decimal": 58986
    }
  ]
}
